"id","status_code","url"
7,401,https://pm-grudziadz.pl
8,401,https://pm-grudziadz.pl/sprawy/305/podatek-lesny-dla-osob-prawnych/
9,200,https://pm-grudziadz.pl/cdn-cgi/l/email-protection#4d3a3e3f0d3820632f34292a223e372e37633d21
10,401,https://pm-grudziadz.pl/mapa-strony/
11,401,https://pm-grudziadz.pl/wyszukiwanie/
12,401,https://pm-grudziadz.pl/sprawy/133/wypis-i-wyrys-z-miejscowego-planu-zagospodarowania-przestrzennego/
13,401,https://pm-grudziadz.pl/
14,401,https://pm-grudziadz.pl/sprawy/311/podatek-lesny-dla-osob-fizycznych/
15,200,https://pm-grudziadz.pl/cdn-cgi/l/email-protection#0b7c78794b7e662569726f6c6478716871257b67
16,401,https://pm-grudziadz.pl/tagi-wyszukiwanie/?tags=PODATKI
17,401,https://pm-grudziadz.pl/sprawy/66/zaswiadczenia-w-sprawach-podatkowych/
18,401,https://pm-grudziadz.pl/tagi-wyszukiwanie/?tags=ZASWIADCZENIA
19,401,https://pm-grudziadz.pl/sprawy/79/wydanie-zaswiadczenia-na-przewozy-drogowe-na-potrzeby-wlasne/
20,401,https://pm-grudziadz.pl/tagi-wyszukiwanie/?tags=SYSTEMY_KOMUNIKACJI_MIEJSKIEJ
21,401,https://pm-grudziadz.pl/sprawy/77/licencja-na-wykonywanie-krajowego-transportu-w-zakresie-przewozu-osob-taksowka/
22,200,https://pm-grudziadz.pl/cdn-cgi/l/email-protection#f79e999198b7879ada908582938d9e96938dd9879b
23,401,https://pm-grudziadz.pl/deklaracja-dostepnosci/
24,200,https://pm-grudziadz.pl/cdn-cgi/l/email-protection#8fe6e1e9e0cfffe2a2e8fdfaebf5e6eeebf5a1ffe3
25,401,https://pm-grudziadz.pl/deklaracja-dostepnosci/sekretariat@um.grudziadz.pl
26,401,https://pm-grudziadz.pl/tagi-wyszukiwanie/?tags=ZASADY_RUCHU_DROGOWEGO
27,401,https://pm-grudziadz.pl/sprawy/98/wymianawydanie-wtornika-krajowego-prawa-jazdy/
28,200,https://pm-grudziadz.pl/cdn-cgi/l/email-protection#81e8efe7eec1f1ecace6f3f4e5fbe8e0e5fbaff1ed
29,401,https://pm-grudziadz.pl/tagi-wyszukiwanie/?tags=PRAWO_JAZDY
30,401,https://pm-grudziadz.pl/sprawy/90/miedzynarodowe-prawo-jazdy/
31,401,https://pm-grudziadz.pl/tagi-wyszukiwanie/?tags=UPRAWNIENIA_DO_PROWADZENIA_ROZNYCH_POJAZDOW
32,401,https://pm-grudziadz.pl/sprawy/76/licencja-na-wykonywanie-krajowego-transportu-drogowego-w-zakresie-przewozu-osob/
33,200,https://pm-grudziadz.pl/cdn-cgi/l/email-protection#d5bcbbb3ba95a5b8f8b2a7a0b1afbcb4b1affba5b9
34,401,https://pm-grudziadz.pl/tagi-wyszukiwanie/?tags=RUCH_DROGOWY
35,401,https://pm-grudziadz.pl/sprawy/245/wydanie-zaswiadczenia-np-o-rejestracji-pojazdu-wydaniu-karty-pojazdu/
36,401,https://pm-grudziadz.pl/tagi-wyszukiwanie/?tags=SAMOCHODY_OSOBOWE
37,401,https://pm-grudziadz.pl/sprawy/92/rejestracja-pojazdu-nowego/
38,401,https://pm-grudziadz.pl/tagi-wyszukiwanie/?tags=POJAZDY_SPECJALISTYCZNE
39,401,https://pm-grudziadz.pl/tagi-wyszukiwanie/?tags=POJAZDY_UZYTKOWE
40,401,https://pm-grudziadz.pl/sprawy/100/zgloszenie-zbycia-pojazdu-zarejestrowanego-w-tutejszej-ewidencji/
41,401,https://pm-grudziadz.pl/tagi-wyszukiwanie/?tags=POMOC_SPOLECZNA
42,401,https://pm-grudziadz.pl/sprawy/109/przyznanie-grudziadzkiej-karty-seniora/
43,401,https://pm-grudziadz.pl/tagi-wyszukiwanie/?tags=ULGI_DLA_SENIOROW
44,401,https://pm-grudziadz.pl/sprawy/112/wydanie-duplikatu-grudziadzkiej-karty-seniora/
45,200,https://pm-grudziadz.pl/cdn-cgi/l/email-protection#cea7a0a8a18ebea3e3a9bcbbaab4a7afaab4e0bea2
46,200,https://pm-grudziadz.pl/cdn-cgi/l/email-protection#95fcfbf3fad5e5f8b8f2e7e0f1effcf4f1efbbe5f9
47,401,https://pm-grudziadz.pl/sprawy/111/wydanie-duplikatu-grudziadzkiej-karty-duzej-rodziny/
48,401,https://pm-grudziadz.pl/tagi-wyszukiwanie/?tags=ZASILKI_RODZINNE
49,401,https://pm-grudziadz.pl/sprawy/108/przyznanie-grudziadzkiej-karty-duzej-rodziny-dla-rodzicow-rodzica-lub-malzonka-rodzica-ktorzy-mieli-na-utrzymaniu-co-najmniej-troje-dzieci/
50,200,https://pm-grudziadz.pl/cdn-cgi/l/email-protection#b4dddad2dbf4c4d999d3c6c1d0ceddd5d0ce9ac4d8
51,401,https://pm-grudziadz.pl/tagi-wyszukiwanie/?tags=ULGI_DLA_RODZIN
52,401,https://pm-grudziadz.pl/sprawy/113/wydanie-duplikatu-karty-duzej-rodziny-ogolnopolskiej/
53,200,https://pm-grudziadz.pl/cdn-cgi/l/email-protection#0d64636b624d7d60206a7f786977646c6977237d61
54,401,https://pm-grudziadz.pl/sprawy/107/przyznanie-grudziadzkiej-karty-duzej-rodziny-dla-czlonkow-rodziny-ktora-ma-na-utrzymaniu-co-najmniej-troje-dzieci/
55,401,https://pm-grudziadz.pl/tagi-wyszukiwanie/?tags=PROJEKTY_SPOLECZNE
56,401,https://pm-grudziadz.pl/sprawy/110/przyznanie-karty-duzej-rodziny-ogolnopolskiej/
57,401,https://pm-grudziadz.pl/tagi-wyszukiwanie/?tags=AKTYWNOSC_SPOLECZNA
58,200,https://pm-grudziadz.pl/cdn-cgi/l/email-protection#5a33343c351a2a37773d282f3e20333b3e20742a36
59,401,https://pm-grudziadz.pl/tagi-wyszukiwanie/?tags=PROGRAMY_SOCJALNE
60,200,https://pm-grudziadz.pl/cdn-cgi/l/email-protection#01686f676e41716c2c667374657b6860657b2f716d
61,200,https://pm-grudziadz.pl/cdn-cgi/l/email-protection#b8d1d6ded7f8c8d595dfcacddcc2d1d9dcc296c8d4
62,401,https://pm-grudziadz.pl/sprawy/121/wniosek-o-podjecie-dzialan-majacych-na-celu-zobowiazanie-do-poddania-sie-leczeniu-odwykowemu/
63,401,https://pm-grudziadz.pl/tagi-wyszukiwanie/?tags=POMOC_PSYCHOLOGICZNA
64,401,https://pm-grudziadz.pl/tagi-wyszukiwanie/?tags=WALKA_Z_ALKOHOLIZMEM
65,200,https://pm-grudziadz.pl/cdn-cgi/l/email-protection#a2cbccc4cde2d2cf8fc5d0d7c6d8cbc3c6d88cd2ce
66,401,https://pm-grudziadz.pl/sprawy/102/wydanie-karty-parkingowej-dla-placowki-zajmujacej-sie-opieka-rehabilitacja-lub-edukacja-osob-niepelnosprawnych-majacych-znacznie-ograniczone-mozliwosci-samodzielnego-poruszania-sie/
67,200,https://pm-grudziadz.pl/cdn-cgi/l/email-protection#51383f373e11213c7c362324352b3830352b7f213d
68,401,https://pm-grudziadz.pl/tagi-wyszukiwanie/?tags=DODATKI_DLA_OSOB_NIEPELNOSPRAWNYCH
69,401,https://pm-grudziadz.pl/sprawy/103/wydawanie-legitymacji-osoby-niepelnosprawnej/
70,200,https://pm-grudziadz.pl/cdn-cgi/l/email-protection#a1c8cfc7cee1d1cc8cc6d3d4c5dbc8c0c5db8fd1cd
71,401,https://pm-grudziadz.pl/tagi-wyszukiwanie/?tags=OSOBY_NIEPELNOSPRAWNE
72,401,https://pm-grudziadz.pl/sprawy/105/wydawanie-orzeczen-o-stopniu-niepelnosprawnosci-osobom-ktore-ukonczyly-16-rok-zycia/
73,200,https://pm-grudziadz.pl/cdn-cgi/l/email-protection#533a3d353c13233e7e34212637293a3237297d233f
74,401,https://pm-grudziadz.pl/tagi-wyszukiwanie/?tags=ULGI_PODATKOWE_DLA_OSOB_NIEPELNOSPRAWNYCH
75,401,https://pm-grudziadz.pl/sprawy/65/ulgi-w-podatkach-i-oplatach-lokalnych/
76,200,https://pm-grudziadz.pl/cdn-cgi/l/email-protection#7c0b0f0e3c0911521e05181b130f061f06520c10
77,401,https://pm-grudziadz.pl/tagi-wyszukiwanie/?tags=OBOWIAZKI_PODATKOWE
78,401,https://pm-grudziadz.pl/sprawy/309/podatki-i-oplaty-lokalne-oraz-oplata-skarbowa-wydawanie-zaswiadczen-lub-informacji/
79,200,https://pm-grudziadz.pl/cdn-cgi/l/email-protection#c1b6b2b381b4acefa3b8a5a6aeb2bba2bbefb1ad
80,200,https://pm-grudziadz.pl/cdn-cgi/l/email-protection#bdd4d3dbd2fdcdd090dacfc8d9c7d4dcd9c793cdd1
81,401,https://pm-grudziadz.pl/sprawy/310/wniosek-o-zwrot-oplaty-skarbowej-jak-zalatwic-sprawe/
82,200,https://pm-grudziadz.pl/cdn-cgi/l/email-protection#2e595d5c6e5b43004c574a49415d544d54005e42
83,401,https://pm-grudziadz.pl/tagi-wyszukiwanie/?tags=ULGI_PODATKOWE
84,401,https://pm-grudziadz.pl/sprawy/101/wydanie-karty-parkingowej-dla-osoby-niepelnosprawnej-majacej-znacznie-ograniczone-mozliwosci-samodzielnego-poruszania-sie/
85,200,https://pm-grudziadz.pl/cdn-cgi/l/email-protection#1b72757d745b6b76367c696e7f61727a7f61356b77
86,401,https://pm-grudziadz.pl/tagi-wyszukiwanie/?tags=INFRASTRUKTURA_DLA_OSOB_NIEPELNOSPRAWNYCH
87,401,https://pm-grudziadz.pl/tagi-wyszukiwanie/?tags=WSPARCIE_DLA_OSOB_NIEPELNOSPRAWNYCH
88,401,https://pm-grudziadz.pl/sprawy/104/wydawanie-orzeczen-o-niepelnosprawnosci-osobom-ktore-nie-ukonczyly-16-roku-zycia/
89,200,https://pm-grudziadz.pl/cdn-cgi/l/email-protection#aec7c0c8c1eedec383c9dcdbcad4c7cfcad480dec2
90,401,https://pm-grudziadz.pl/sprawy/100/wydawanie-orzeczen-o-wskazaniach-do-ulg-i-uprawnien-osobom-posiadajacym-orzeczenie-o-inwalidztwie-lub-niezdolnosci-do-pracy/
91,200,https://pm-grudziadz.pl/cdn-cgi/l/email-protection#dcb5b2bab39cacb1f1bbaea9b8a6b5bdb8a6f2acb0
92,200,https://pm-grudziadz.pl/cdn-cgi/l/email-protection#026b6c646d42726f2f65707766786b6366782c726e
93,401,https://pm-grudziadz.pl/sprawy/91/przerejestrowanie-pojazdu-zarejestrowanego-na-terenie-polski/
94,200,https://pm-grudziadz.pl/cdn-cgi/l/email-protection#264f48404966564b0b415453425c4f47425c08564a
95,401,https://pm-grudziadz.pl/sprawy/99/wyrejestrowanie-pojazdu/
96,200,https://pm-grudziadz.pl/cdn-cgi/l/email-protection#9bf2f5fdf4dbebf6b6fce9eeffe1f2faffe1b5ebf7
97,401,https://pm-grudziadz.pl/sprawy/244/wpisy-adnotacji-do-dowodu-rejestracyjnego-np-gaz-hak-taxi/
98,401,https://pm-grudziadz.pl/sprawy/95/wydanie-dowodu-rejestracyjnego-z-powodu-braku-miejsc-na-kolejne-wpisy-terminu-badan-technicznych/
99,401,https://pm-grudziadz.pl/tagi-wyszukiwanie/?tags=PRZEGLADY_TECHNICZNE_POJAZDOW
100,401,https://pm-grudziadz.pl/tagi-wyszukiwanie/?tags=PRAWO_DROGOWE
101,200,https://pm-grudziadz.pl/cdn-cgi/l/email-protection#2e474048416e5e4303495c5b4a54474f4a54005e42
102,401,https://pm-grudziadz.pl/sprawy/93/rejestracja-pojazdu-sprowadzonego-z-zagranicy/
103,200,https://pm-grudziadz.pl/cdn-cgi/l/email-protection#335a5d555c73435e1e54414657495a5257491d435f
104,200,https://pm-grudziadz.pl/cdn-cgi/l/email-protection#7a13141c153a0a17571d080f1e00131b1e00540a16
105,401,https://pm-grudziadz.pl/sprawy/96/wydanie-profilu-kandydata-na-kierowce-w-skrocie-pkk/
106,200,https://pm-grudziadz.pl/cdn-cgi/l/email-protection#4920272f26093924642e3b3c2d3320282d33673925
107,401,https://pm-grudziadz.pl/tagi-wyszukiwanie/?tags=TRANSPORT_PUBLICZNY
108,401,https://pm-grudziadz.pl/sprawy/81/zezwolenie-na-wykonywanie-regularnych-przewozow-osob-w-krajowym-transporcie-drogowym/
109,200,https://pm-grudziadz.pl/cdn-cgi/l/email-protection#d6bfb8b0b996a6bbfbb1a4a3b2acbfb7b2acf8a6ba
110,401,https://pm-grudziadz.pl/sprawy/238/zezwolenie-na-przejazd-pojazdu-nienormatywnego/
111,200,https://pm-grudziadz.pl/cdn-cgi/l/email-protection#eb82858d84ab9b86c68c999e8f91828a8f91c59b87
112,401,https://pm-grudziadz.pl/tagi-wyszukiwanie/?tags=ZEZWOLENIA
113,401,https://pm-grudziadz.pl/sprawy/137/zezwolenie-na-utrzymywanie-psa-rasy-uznawanej-za-agresywna/
114,200,https://pm-grudziadz.pl/cdn-cgi/l/email-protection#abc2c5cdc4ebdbc686ccd9decfd1c2cacfd185dbc7
115,401,https://pm-grudziadz.pl/sprawy/3/zezwolenia-na-sprzedaz-napojow-alkoholowych/
116,401,https://pm-grudziadz.pl/tagi-wyszukiwanie/?tags=SPRZEDAZ_ALKOHOLU
117,401,https://pm-grudziadz.pl/tagi-wyszukiwanie/?tags=UPRAWNIENIA_DO_SPRZEDAZY_ALKOHOLU
118,200,https://pm-grudziadz.pl/cdn-cgi/l/email-protection#e1888f878ea1918ccc869394859b8880859bcf918d
119,401,https://pm-grudziadz.pl/sprawy/114/uzyskanie-pozwolenia-na-przewoz-z-zagranicy-zwlok-i-szczatkow-ludzkich-ktore-pochowane-zostana-na-terenie-grudziadza/
120,401,https://pm-grudziadz.pl/sprawy/138/zezwolenie-na-wylaczenie-gruntow-z-produkcji-rolnej/
121,401,https://pm-grudziadz.pl/tagi-wyszukiwanie/?tags=OCHRONA_KRAJOBRAZU
122,200,https://pm-grudziadz.pl/cdn-cgi/l/email-protection#cca5a2aaa38cbca1e1abbeb9a8b6a5ada8b6e2bca0
123,401,https://pm-grudziadz.pl/sprawy/139/zgloszeniezezwolenie-na-wycinke-drzew-i-krzewow/
124,200,https://pm-grudziadz.pl/cdn-cgi/l/email-protection#30595e565f70405d1d574245544a5951544a1e405c
125,401,https://pm-grudziadz.pl/tagi-wyszukiwanie/?tags=PROGRAMY_OCHRONY_SRODOWISKA
126,401,https://pm-grudziadz.pl/sprawy/125/oplata-za-zmniejszenie-naturalnej-retencji-terenowej/
127,200,https://pm-grudziadz.pl/cdn-cgi/l/email-protection#3e575058517e4e5313594c4b5a44575f5a44104e52
128,401,https://pm-grudziadz.pl/tagi-wyszukiwanie/?tags=OCHRONA_PRZYRODY
129,401,https://pm-grudziadz.pl/sprawy/129/wpis-do-rejestru-dzialalnosci-regulowanej-w-zakresie-odbioru-odpadow-komunalnych/
130,200,https://pm-grudziadz.pl/cdn-cgi/l/email-protection#1871767e77586875357f6a6d7c6271797c62366874
131,401,https://pm-grudziadz.pl/tagi-wyszukiwanie/?tags=GOSPODARKA_ODPADAMI_KOMUNALNYMI
132,401,https://pm-grudziadz.pl/sprawy/126/pozwolenie-na-wytwarzanie-odpadow/
133,401,https://pm-grudziadz.pl/tagi-wyszukiwanie/?tags=OCHRONA_SRODOWISKA_NATURALNEGO
134,401,https://pm-grudziadz.pl/sprawy/124/informacje-o-wyrobach-zawierajacych-azbest-i-miejscu-ich-wykorzystania-osoby-fizyczne-nie-bedace-przedsiebiorcami/
135,401,https://pm-grudziadz.pl/tagi-wyszukiwanie/?tags=ODPADY
136,401,https://pm-grudziadz.pl/sprawy/5/ulgi-w-oplacie-za-gospodarowanie-odpadami-komunalnymi-umorzenie-odroczenie-raty/
137,200,https://pm-grudziadz.pl/cdn-cgi/l/email-protection#cda2a9bdaca9b48db8a0e3aabfb8a9b7a4aca9b7e3bda1
138,401,https://pm-grudziadz.pl/tagi-wyszukiwanie/?tags=SEGREGACJA_ODPADOW
139,200,https://pm-grudziadz.pl/cdn-cgi/l/email-protection#5c35323a331c2c31713b2e293826353d3826722c30
140,401,https://pm-grudziadz.pl/tagi-wyszukiwanie/?tags=PLATNOSCI_ZA_GOSPODAROWANIE_ODPADAMI
141,401,https://pm-grudziadz.pl/sprawy/307/deklaracja-o-wysokosci-oplaty-za-gospodarowanie-odpadami-komunalnymi-jak-zalatwic-sprawe/
142,200,https://pm-grudziadz.pl/cdn-cgi/l/email-protection#6c05020a032c1c01410b1e190816050d0816421c00
143,401,https://pm-grudziadz.pl/tagi-wyszukiwanie/?tags=GOSPODARKA_ODPADAMI
144,200,https://pm-grudziadz.pl/cdn-cgi/l/email-protection#fb949f8b9a9f82bb8e96d59c898e9f81929a9f81d58b97
145,401,https://pm-grudziadz.pl/sprawy/131/zezwolenie-na-zbieranie-odpadow/
146,200,https://pm-grudziadz.pl/cdn-cgi/l/email-protection#f69f989099b6869bdb918483928c9f97928cd8869a
147,401,https://pm-grudziadz.pl/sprawy/117/ewidencja-zbiornikow-bezodplywowych-szamb-oraz-przydomowych-oczyszczalni-sciekow/
148,401,https://pm-grudziadz.pl/tagi-wyszukiwanie/?tags=ODPADY_KOMUNALNE
149,200,https://pm-grudziadz.pl/cdn-cgi/l/email-protection#f891969e97b88895d59f8a8d9c8291999c82d68894
150,401,https://pm-grudziadz.pl/sprawy/130/zezwolenie-na-przetwarzanie-odpadow/
151,401,https://pm-grudziadz.pl/tagi-wyszukiwanie/?tags=RECYKLING
152,401,https://pm-grudziadz.pl/sprawy/127/prowadzenie-dzialalnosci-w-zakresie-oprozniania-zbiornikow-bezodplywowych-lub-osadnikow-w-przydomowych-oczyszczalniach-sciekow-i-transportu-nieczystosci-cieklych/
153,200,https://pm-grudziadz.pl/cdn-cgi/l/email-protection#345d5a525b74445919534641504e5d55504e1a4458
154,401,https://pm-grudziadz.pl/tagi-wyszukiwanie/?tags=ODPADY_NIEBEZPIECZNE
155,200,https://pm-grudziadz.pl/cdn-cgi/l/email-protection#1970777f76596974347e6b6c7d6370787d63376975
156,401,https://pm-grudziadz.pl/sprawy/128/udostepnianie-informacji-o-srodowisku-i-jego-ochronie/
157,401,https://pm-grudziadz.pl/tagi-wyszukiwanie/?tags=AKCJE_SPOLECZNE_NA_RZECZ_OCHRONY_SRODOWISKA
158,200,https://pm-grudziadz.pl/cdn-cgi/l/email-protection#31585f575e71415c1c564344554b5850554b1f415d
159,401,https://pm-grudziadz.pl/sprawy/135/rejestracja-zwierzat-egzotycznych-podlegajacych-ochronie/
160,200,https://pm-grudziadz.pl/cdn-cgi/l/email-protection#b5dcdbd3daf5c5d898d2c7c0d1cfdcd4d1cf9bc5d9
161,401,https://pm-grudziadz.pl/sprawy/82/zezwolenie-na-wykonywanie-regularnych-specjalnych-przewozow-osob-w-krajowym-transporcie-drogowym/
162,200,https://pm-grudziadz.pl/cdn-cgi/l/email-protection#92fbfcf4fdd2e2ffbff5e0e7f6e8fbf3f6e8bce2fe
163,401,https://pm-grudziadz.pl/sprawy/78/licencja-na-wykonywanie-transportu-drogowego-w-zakresie-posrednictwa-przy-przewozie-rzeczy/
164,200,https://pm-grudziadz.pl/cdn-cgi/l/email-protection#5b32353d341b2b36763c292e3f21323a3f21752b37
165,401,https://pm-grudziadz.pl/sprawy/83/zezwolenie-na-wykonywanie-zawodu-przewoznika-drogowego-w-zakresie-przewozu-osob-lub-rzeczy/
166,200,https://pm-grudziadz.pl/cdn-cgi/l/email-protection#cda4a3aba28dbda0e0aabfb8a9b7a4aca9b7e3bda1
167,401,https://pm-grudziadz.pl/sprawy/306/podatek-od-srodkow-transportowych-zlozenie-deklaracji-dt-1/
168,401,https://pm-grudziadz.pl/tagi-wyszukiwanie/?tags=TRANSPORT_WODNY
169,401,https://pm-grudziadz.pl/sprawy/134/rejestracja-sprzetu-plywajacego-sluzacego-do-amatorskiego-polowu-rybwykreslenie-z-rejestru-sprzetu-plywajacego-do-polowy-ryb/
170,401,https://pm-grudziadz.pl/tagi-wyszukiwanie/?tags=PODATEK_OD_SRODKOW_TRANSPORTOWYCH
171,200,https://pm-grudziadz.pl/cdn-cgi/l/email-protection#761f18101936061b5b110403120c1f17120c58061a
172,200,https://pm-grudziadz.pl/cdn-cgi/l/email-protection#0f787c7d4f7a62216d766b68607c756c75217f63
173,200,https://pm-grudziadz.pl/cdn-cgi/l/email-protection#147d7a727b54647939736661706e7d75706e3a6478
174,200,https://pm-grudziadz.pl/cdn-cgi/l/email-protection#a5cccbc3cae5d5c888c2d7d0c1dfccc4c1df8bd5c9
175,200,https://pm-grudziadz.pl/cdn-cgi/l/email-protection#9ff6f1f9f0dfeff2b2f8edeafbe5f6fefbe5b1eff3
176,401,https://pm-grudziadz.pl/sprawy/6/-wydanie-zaswiadczenia-o-objeciu-danej-nieruchomosci-uproszczonym-planem-urzadzenia-lasu-/
177,401,https://pm-grudziadz.pl/tagi-wyszukiwanie/?tags=ZARZADZANIE_NIERUCHOMOSCIA
178,401,https://pm-grudziadz.pl/sprawy/56/decyzja-o-ustaleniu-lokalizacji-inwestycji-celu-publicznego/
179,401,https://pm-grudziadz.pl/tagi-wyszukiwanie/?tags=RYNEK_NIERUCHOMOSCI
180,401,https://pm-grudziadz.pl/sprawy/300/podatek-od-nieruchomosci-dla-osob-fizycznych-zlozenie-informacji-in-1/
181,200,https://pm-grudziadz.pl/cdn-cgi/l/email-protection#543d3a323b14243979332621302e3d35302e7a2438
182,200,https://pm-grudziadz.pl/cdn-cgi/l/email-protection#2b5c58596b5e460549524f4c4458514851055b47
183,401,https://pm-grudziadz.pl/tagi-wyszukiwanie/?tags=PODATEK_OD_NIERUCHOMOSCI
184,401,https://pm-grudziadz.pl/sprawy/301/podatek-od-nieruchomosci-dla-osob-prawnych-zlozenie-deklaracji-dn-1/
185,200,https://pm-grudziadz.pl/cdn-cgi/l/email-protection#5027232210253d7e322934373f232a332a7e203c
186,401,https://pm-grudziadz.pl/sprawy/305/podatek-lesny-dla-osob-prawnych-zlozenie-deklaracji-dl-1/
187,200,https://pm-grudziadz.pl/cdn-cgi/l/email-protection#325b5c545d72425f1f55404756485b5356481c425e
188,200,https://pm-grudziadz.pl/cdn-cgi/l/email-protection#0c7b7f7e4c7961226e75686b637f766f76227c60
189,200,https://pm-grudziadz.pl/cdn-cgi/l/email-protection#ed84838b82ad9d80c08a9f988997848c8997c39d81
190,401,https://pm-grudziadz.pl/sprawy/50/zaswiadczenie-o-samodzielnosci-lokalu/
191,401,https://pm-grudziadz.pl/tagi-wyszukiwanie/?tags=PRAWA_WLASNOSCI_NIERUCHOMOSCI
192,401,https://pm-grudziadz.pl/tagi-wyszukiwanie/?tags=BUDOWA_I_REMONT_NIERUCHOMOSCI
193,401,https://pm-grudziadz.pl/sprawy/54/zgloszenie-zamiaru-przystapienia-do-wykonania-robot-budowlanych-zwiazanych-ze-zmiana-sposobu-uzytkowania-obiektu-budowlanego-lub-jego-czesci/
194,401,https://pm-grudziadz.pl/tagi-wyszukiwanie/?tags=BEZPIECZENSTWO_BUDOWLANE
195,401,https://pm-grudziadz.pl/sprawy/47/pozwolenie-na-rozbiorke/
196,401,https://pm-grudziadz.pl/tagi-wyszukiwanie/?tags=ZGLOSZENIA_BUDOWY
197,401,https://pm-grudziadz.pl/sprawy/57/decyzja-o-warunkach-zabudowy/
198,200,https://pm-grudziadz.pl/cdn-cgi/l/email-protection#b3daddd5dcf3c3de9ed4c1c6d7c9dad2d7c99dc3df
199,401,https://pm-grudziadz.pl/sprawy/49/przeniesienie-praw-i-obowiazkow-wynikajacych-ze-zgloszenia-wobec-ktorego-organ-nie-wniosl-sprzeciwu/
200,401,https://pm-grudziadz.pl/sprawy/52/zgloszenie-budowy-lub-przebudowy-budynku-mieszkalnego-jednorodzinnego/
201,401,https://pm-grudziadz.pl/sprawy/48/przeniesienie-pozwolenia-na-budowe/
202,401,https://pm-grudziadz.pl/tagi-wyszukiwanie/?tags=POZWOLENIA_BUDOWLANE
203,401,https://pm-grudziadz.pl/sprawy/55/zmiana-pozwolenia-na-budowe/
204,200,https://pm-grudziadz.pl/cdn-cgi/l/email-protection#71181f171e31011c5c160304150b1810150b5f011d
205,401,https://pm-grudziadz.pl/sprawy/75/wydanie-wypisu-wypisu-i-wyrysu-wyrysu-z-ewidencji-gruntow-i-budynkow/
206,200,https://pm-grudziadz.pl/cdn-cgi/l/email-protection#88e1e6eee7c8f8e5a5effafdecf2e1e9ecf2a6f8e4
207,401,https://pm-grudziadz.pl/tagi-wyszukiwanie/?tags=DOKUMENTACJA_GEODEZYJNA
208,401,https://pm-grudziadz.pl/sprawy/69/udostepnianie-mapy-ewidencji-gruntow-i-budynkow-lub-mapy-zasadniczej-do-celow-informacyjnych/
209,200,https://pm-grudziadz.pl/cdn-cgi/l/email-protection#7f161119103f0f1252180d0a1b05161e1b05510f13
210,401,https://pm-grudziadz.pl/sprawy/71/udostepnienie-nieruchomosci-dla-celow-realizacji-inwestycji/
211,401,https://pm-grudziadz.pl/tagi-wyszukiwanie/?tags=ZARZADZANIE_NIERUCHOMOSCIAMI
212,200,https://pm-grudziadz.pl/cdn-cgi/l/email-protection#bcd5d2dad3fcccd191dbcec9d8c6d5ddd8c692ccd0
213,401,https://pm-grudziadz.pl/sprawy/67/nadanie-numeru-porzadkowego-budynku/
214,401,https://pm-grudziadz.pl/tagi-wyszukiwanie/?tags=ADMINISTRACJA_NIERUCHOMOSCIAMI
215,401,https://pm-grudziadz.pl/sprawy/68/udostepnianie-danych-z-rejestru-cen-i-wartosci-nieruchomosci/
216,200,https://pm-grudziadz.pl/cdn-cgi/l/email-protection#432a2d252c03332e6e24313627392a2227396d332f
217,401,https://pm-grudziadz.pl/sprawy/72/udostepnienie-rejestrow-kartotek-skorowidzow-wykazow-zestawien-tworzonych-na-podstawie-bazy-danych-ewidencji-gruntow-i-budynkow/
218,200,https://pm-grudziadz.pl/cdn-cgi/l/email-protection#5e373038311e2e3373392c2b3a24373f3a24702e32
219,401,https://pm-grudziadz.pl/sprawy/70/udostepnianie-zbiorow-danych-bazy-danych-ewidencji-gruntow-i-budynkow/
220,200,https://pm-grudziadz.pl/cdn-cgi/l/email-protection#b7ded9d1d8f7c7da9ad0c5c2d3cdded6d3cd99c7db
221,401,https://pm-grudziadz.pl/sprawy/53/zgloszenie-rozbiorki/
222,200,https://pm-grudziadz.pl/cdn-cgi/l/email-protection#d9b0b7bfb699a9b4f4beabacbda3b0b8bda3f7a9b5
223,401,https://pm-grudziadz.pl/sprawy/46/pozwolenie-na-budowe/
224,200,https://pm-grudziadz.pl/cdn-cgi/l/email-protection#056c6b636a45756828627770617f6c64617f2b7569
225,200,https://pm-grudziadz.pl/cdn-cgi/l/email-protection#93fafdf5fcd3e3febef4e1e6f7e9faf2f7e9bde3ff
226,401,https://pm-grudziadz.pl/sprawy/51/zgloszenie-budowy-robot-budowlanych-nie-wymagajacych-pozwolenia-na-budowe/
227,200,https://pm-grudziadz.pl/cdn-cgi/l/email-protection#4a23242c250a3a27672d383f2e30232b2e30643a26
228,200,https://pm-grudziadz.pl/cdn-cgi/l/email-protection#90f9fef6ffd0e0fdbdf7e2e5f4eaf9f1f4eabee0fc
229,401,https://pm-grudziadz.pl/tagi-wyszukiwanie/?tags=PLANOWANIE_PRZESTRZENNE
230,200,https://pm-grudziadz.pl/cdn-cgi/l/email-protection#cdafa4b8bfa2e0a1acbeb88db8a0e3aabfb8a9b7a4aca9b7e3bda1
231,200,https://pm-grudziadz.pl/cdn-cgi/l/email-protection#741d1a121b34041959130601100e1d15100e5a0418
232,401,https://pm-grudziadz.pl/sprawy/249/uzyskanie-zaswiadczenia-stwierdzajacego-ze-zgodnie-z-prawem-polskim-mozna-zawrzec-malzenstwo/
233,200,https://pm-grudziadz.pl/cdn-cgi/l/email-protection#f29b9c949db2829fdf95808796889b939688dc829e
234,401,https://pm-grudziadz.pl/tagi-wyszukiwanie/?tags=MALZENSTWA
235,401,https://pm-grudziadz.pl/sprawy/27/skrocenie-miesiecznego-terminu-oczekiwania-na-zawarcie-zwiazku-malzenskiego/
236,200,https://pm-grudziadz.pl/cdn-cgi/l/email-protection#630a0d050c23130e4e04111607190a0207194d130f
237,401,https://pm-grudziadz.pl/tagi-wyszukiwanie/?tags=AKTY_STANU_CYWILNEGO
238,401,https://pm-grudziadz.pl/sprawy/30/uzupelnienie-aktu-stanu-cywilnego/
239,200,https://pm-grudziadz.pl/cdn-cgi/l/email-protection#fc95929a93bc8c91d19b8e899886959d9886d28c90
240,401,https://pm-grudziadz.pl/sprawy/34/uzyskanie-zaswiadczenia-do-zawarcia-malzenstwa-w-formie-wyznaniowej-slub-konkordatowy/
241,200,https://pm-grudziadz.pl/cdn-cgi/l/email-protection#2d44434b426d5d40004a5f584957444c4957035d41
242,401,https://pm-grudziadz.pl/sprawy/28/sprostowanie-aktu-stanu-cywilnego/
243,200,https://pm-grudziadz.pl/cdn-cgi/l/email-protection#462f28202906362b6b213433223c2f27223c68362a
244,401,https://pm-grudziadz.pl/sprawy/37/wpisanie-zagranicznego-aktu-do-polskiej-ksiegi-stanu-cywilnego-transkrypcja-aktu-wpisanie-zagranicznego-wyroku-rozwodowego/
245,200,https://pm-grudziadz.pl/cdn-cgi/l/email-protection#97fef9f1f8d7e7fabaf0e5e2f3edfef6f3edb9e7fb
246,401,https://pm-grudziadz.pl/sprawy/35/uzyskanie-zaswiadczenia-o-stanie-cywilnym/
247,401,https://pm-grudziadz.pl/tagi-wyszukiwanie/?tags=WYDAWANIE_AKTOW_STANU_CYWILNEGO
248,401,https://pm-grudziadz.pl/sprawy/25/rejestracja-urodzen/
249,200,https://pm-grudziadz.pl/cdn-cgi/l/email-protection#1e777078715e6e7333796c6b7a64777f7a64306e72
250,401,https://pm-grudziadz.pl/tagi-wyszukiwanie/?tags=OPIEKA_NAD_DZIECMI
251,401,https://pm-grudziadz.pl/sprawy/29/uznanie-ojcostwa/
252,200,https://pm-grudziadz.pl/cdn-cgi/l/email-protection#a4cdcac2cbe4d4c989c3d6d1c0decdc5c0de8ad4c8
253,200,https://pm-grudziadz.pl/cdn-cgi/l/email-protection#4f262129200f3f2262283d3a2b35262e2b35613f23
254,401,https://pm-grudziadz.pl/sprawy/38/zawarcie-zwiazku-malzenskiego-w-formie-cywilnej/
255,200,https://pm-grudziadz.pl/cdn-cgi/l/email-protection#6801060e07281805450f1a1d0c1201090c12461804
256,401,https://pm-grudziadz.pl/sprawy/16/zastrzezenie-numeru-pesel-lub-cofniecie-zastrzezenia-numeru-pesel/
257,401,https://pm-grudziadz.pl/tagi-wyszukiwanie/?tags=NUMER_PESEL
258,401,https://pm-grudziadz.pl/sprawy/40/zmiana-imieniaimion-dziecka-w-ciagu-6-miesiecy-od-daty-sporzadzenia-aktu-urodzenia/
259,401,https://pm-grudziadz.pl/tagi-wyszukiwanie/?tags=ZMIANA_IMIENIA
260,200,https://pm-grudziadz.pl/cdn-cgi/l/email-protection#6f060109002f1f0242081d1a0b15060e0b15411f03
261,401,https://pm-grudziadz.pl/sprawy/23/odtworzenie-aktu-stanu-cywilnego/
262,200,https://pm-grudziadz.pl/cdn-cgi/l/email-protection#c4adaaa2ab84b4a9e9a3b6b1a0beada5a0beeab4a8
263,401,https://pm-grudziadz.pl/sprawy/32/uzyskanie-wielojezycznego-standardowego-formularza-ue/
264,401,https://pm-grudziadz.pl/sprawy/39/zmiana-imienia-lub-nazwiska/
265,401,https://pm-grudziadz.pl/tagi-wyszukiwanie/?tags=DANE_OSOBOWE
266,401,https://pm-grudziadz.pl/sprawy/19/zgloszenie-utraty-lub-uszkodzenia-dowodu-osobistego-oraz-zawieszenie-i-odwieszenie-e-dowodu/
267,401,https://pm-grudziadz.pl/tagi-wyszukiwanie/?tags=DOWODY_OSOBISTE
268,401,https://pm-grudziadz.pl/tagi-wyszukiwanie/?tags=TOZSAMOSC
269,401,https://pm-grudziadz.pl/sprawy/12/udostepnienie-danych-w-trybie-jednostkowym-z-rejestru-dowodow-osobistych-oraz-udostepnienie-dokumentacji-zwiazanej-z-dowodem-osobistym/
270,401,https://pm-grudziadz.pl/tagi-wyszukiwanie/?tags=DOKUMENT_TOZSAMOSCI
271,200,https://pm-grudziadz.pl/cdn-cgi/l/email-protection#6b02050d042b1b06460c191e0f11020a0f11451b07
272,401,https://pm-grudziadz.pl/sprawy/21/nadanie-dziecku-nazwiska-meza-matki-zony-ojca/
273,401,https://pm-grudziadz.pl/tagi-wyszukiwanie/?tags=ZMIANY_DANYCH_OSOBOWYCH
274,200,https://pm-grudziadz.pl/cdn-cgi/l/email-protection#21484f474e61514c0c465354455b4840455b0f514d
275,401,https://pm-grudziadz.pl/sprawy/24/powrot-po-rozwodzie-do-nazwiska-noszonego-przed-zawarciem-malzenstwa/
276,200,https://pm-grudziadz.pl/cdn-cgi/l/email-protection#721b1c141d32021f5f15000716081b1316085c021e
277,401,https://pm-grudziadz.pl/sprawy/22/nadanie-medali-za-dlugoletnie-pozycie-malzenskie-50-lecie/
278,401,https://pm-grudziadz.pl/tagi-wyszukiwanie/?tags=KRYTERIA_PRZYZNAWANIA
279,401,https://pm-grudziadz.pl/sprawy/7/przyznawanie-patronatu-prezydenta-grudziadza/
280,200,https://pm-grudziadz.pl/cdn-cgi/l/email-protection#8ee7e0e8e1cefee3a3e9fcfbeaf4e7efeaf4a0fee2
281,200,https://pm-grudziadz.pl/cdn-cgi/l/email-protection#0e676068614e7e6323697c7b6a74676f6a74207e62
282,401,https://pm-grudziadz.pl/sprawy/17/zaswiadczenie-z-akt-ewidencji-ludnosci/
283,200,https://pm-grudziadz.pl/cdn-cgi/l/email-protection#7e171018113e0e1353190c0b1a04171f1a04500e12
284,401,https://pm-grudziadz.pl/sprawy/41/pokrycie-naleznosci-z-tytulu-zajmowanego-lokalu-mieszkalnego-zolnierzom-samotnym-i-zolnierzom-uznanym-za-posiadajacych-na-wylacznym-utrzymaniu-czlonkow-rodziny/
285,401,https://pm-grudziadz.pl/tagi-wyszukiwanie/?tags=KWESTIE_ZWIAZANE_Z_RODZINAMI_ZOLNIERZY
286,401,https://pm-grudziadz.pl/sprawy/43/uznanie-za-osobe-posiadajaca-na-wylacznym-utrzymaniu-czlonkow-rodziny-albo-za-zolnierza-samotnego/
287,401,https://pm-grudziadz.pl/tagi-wyszukiwanie/?tags=BENEFITY_DLA_ZOLNIERZY
288,401,https://pm-grudziadz.pl/sprawy/42/rekompensata-utraconego-wynagrodzenia-lub-dochodu-w-przypadku-powolania-do-odbycia-cwiczen-wojskowych/
289,200,https://pm-grudziadz.pl/cdn-cgi/l/email-protection#9cf5f2faf3dcecf1b1fbeee9f8e6f5fdf8e6b2ecf0
290,200,https://pm-grudziadz.pl/cdn-cgi/l/email-protection#036a6d656c43736e2e64717667796a6267792d736f
291,200,https://pm-grudziadz.pl/cdn-cgi/l/email-protection#89fefafbc9fce4a7ebf0edeee6faf3eaf3a7f9e5
292,401,https://pm-grudziadz.pl/sprawy/311/podatek-lesny-dla-osob-fizycznych-zlozenie-informacji-il-1/
293,200,https://pm-grudziadz.pl/cdn-cgi/l/email-protection#a7cec9c1c8e7d7ca8ac0d5d2c3ddcec6c3dd89d7cb
294,200,https://pm-grudziadz.pl/cdn-cgi/l/email-protection#3641454476435b18544f525159454c554c18465a
295,200,https://pm-grudziadz.pl/cdn-cgi/l/email-protection#9ef7f0f8f1deeef3b3f9ecebfae4f7fffae4b0eef2
296,401,https://pm-grudziadz.pl/sprawy/302/podatek-rolny-dla-osob-fizycznych/
297,200,https://pm-grudziadz.pl/cdn-cgi/l/email-protection#84edeae2ebc4f4e9a9e3f6f1e0feede5e0feaaf4e8
298,401,https://pm-grudziadz.pl/tagi-wyszukiwanie/?tags=PODATEK_ROLNY
299,401,https://pm-grudziadz.pl/sprawy/312/podatek-rolny-dla-osob-prawnych-zlozenie-deklaracji-dr-1/
300,200,https://pm-grudziadz.pl/cdn-cgi/l/email-protection#1e696d6c5e6b73307c677a79716d647d64306e72
301,401,https://pm-grudziadz.pl/sprawy/302/podatek-rolny-dla-osob-fizycznych-zlozenie-informacji-ir-1/
302,200,https://pm-grudziadz.pl/cdn-cgi/l/email-protection#740307063401195a160d10131b070e170e5a0418
303,200,https://pm-grudziadz.pl/cdn-cgi/l/email-protection#1661656456637b38746f727179656c756c38667a
304,401,https://pm-grudziadz.pl/sprawy/301/podatek-od-nieruchomosci-dla-osob-prawnych/
305,200,https://pm-grudziadz.pl/cdn-cgi/l/email-protection#5126222311243c7f332835363e222b322b7f213d
306,401,https://pm-grudziadz.pl/katalog-uslug/kategorie/
362,200,https://pm-grudziadz.pl/cdn-cgi/l/email-protection#2354505163564e0d415a47444c505940590d534f
307,401,https://pm-grudziadz.pl/sprawy/240/dokonanie-zmian-w-ewidencji-klubow-sportowych-dzialajacych-w-formie-stowarzyszenia-ktorych-statuty-nie-przewiduja-prowadzenia-dzialalnosci-gospodarczejewidencji-uczniowskich-klubow-sportowych/
308,200,https://pm-grudziadz.pl/cdn-cgi/l/email-protection#ff96919990bf8f92d2988d8a9b85969e9b85d18f93
309,401,https://pm-grudziadz.pl/tagi-wyszukiwanie/?tags=REJESTRACJA_KLUBOW
310,401,https://pm-grudziadz.pl/sprawy/88/wykreslenie-z-ewidencji-klubow-sportowych-dzialajacych-w-formie-stowarzyszenia-ktorych-statuty-nie-przewiduja-prowadzenia-dzialalnosci-gospodarczejewidencji-uczniowskich-klubow-sportowych/
311,401,https://pm-grudziadz.pl/tagi-wyszukiwanie/?tags=AKTUALIZACJA_DANYCH_KLUBOW_I_STOWARZYSZEN
312,401,https://pm-grudziadz.pl/sprawy/250/rozwiazanie-i-likwidacja-stowarzyszenia-zwyklego/
313,200,https://pm-grudziadz.pl/cdn-cgi/l/email-protection#751c1b131a35051858120700110f1c14110f5b0519
314,401,https://pm-grudziadz.pl/tagi-wyszukiwanie/?tags=ZARZADZANIE_STOWARZYSZENIEM
315,401,https://pm-grudziadz.pl/sprawy/13/wpis-do-ewidencji-stowarzyszen-zwyklych/
316,401,https://pm-grudziadz.pl/tagi-wyszukiwanie/?tags=REJESTRACJA_STOWARZYSZEN
317,401,https://pm-grudziadz.pl/sprawy/241/wydanie-zaswiadczenia-o-wpisie-do-ewidencji-klubow-sportowych-dzialajacych-w-formie-stowarzyszenia-ktorych-statuty-nie-przewiduja-prowadzenia-dzialalnosci-gospodarczejewidencji-uczniowskich-klubow-sportowych/
318,200,https://pm-grudziadz.pl/cdn-cgi/l/email-protection#3b52555d547b4b56165c494e5f41525a5f41154b57
319,401,https://pm-grudziadz.pl/tagi-wyszukiwanie/?tags=INFRASTRUKTURA_SPORTOWA
320,401,https://pm-grudziadz.pl/sprawy/86/wpis-do-ewidencji-klubow-sportowych-dzialajacych-w-formie-stowarzyszenia-ktorych-statuty-nie-przdwiduja-prowadzenia-dzialalnosci-gospodarczejewidencji-uczniowskich-klubow-sportowych/
321,401,https://pm-grudziadz.pl/tagi-wyszukiwanie/?tags=PROGRAMY_ROZWOJU_SPORTU
322,401,https://pm-grudziadz.pl/sprawy/242/zlozenie-wniosku-o-przyznanie-stypendium-sportowegoagrodywyroznienia-dla-zawodnika-badz-wniosku-o-przyznanie-nagrodywyroznienia-dla-treneradzialacza/
323,401,https://pm-grudziadz.pl/tagi-wyszukiwanie/?tags=TALENTY_SPORTOWE
324,401,https://pm-grudziadz.pl/tagi-wyszukiwanie/?tags=STYPENDIUM_SPORTOWE
325,401,https://pm-grudziadz.pl/tagi-wyszukiwanie/?tags=ROZWOJ_SPORTOWY
326,401,https://pm-grudziadz.pl/sprawy/1/centralna-ewidencja-i-informacja-o-dzialalnosci-gospodarczej-ceidg/
327,401,https://pm-grudziadz.pl/tagi-wyszukiwanie/?tags=EWIDENCJA_DZIALALNOSCI_GOSPODARCZEJ
328,401,https://pm-grudziadz.pl/sprawy/2/udostepnianie-danych-z-archiwalnych-zbiorow-ewidencji-dzialalnosci-gospodarczej/
329,200,https://pm-grudziadz.pl/cdn-cgi/l/email-protection#5930373f36192934743e2b2c3d2330383d23772935
330,401,https://pm-grudziadz.pl/tagi-wyszukiwanie/?tags=ZGLOSZENIE_DZIALALNOSCI
331,401,https://pm-grudziadz.pl/sprawy/9/-centralny-rejestr-wyborcow-ujecie-w-stalym-obwodzie-glosowania-/
332,401,https://pm-grudziadz.pl/sprawy/18/zgloszenie-pobytu-stalego-lub-pobytu-czasowego-zgloszenie-powrotu-z-wyjazdu-poza-granice-rzeczypospolitej-polskiej-trwajacego-dluzej-niz-6-miesiecy/
333,200,https://pm-grudziadz.pl/cdn-cgi/l/email-protection#a8c1c6cec7e8d8c585cfdaddccd2c1c9ccd286d8c4
334,401,https://pm-grudziadz.pl/sprawy/134/dowod-osobisty/
335,200,https://pm-grudziadz.pl/cdn-cgi/l/email-protection#650c0b030a25150848021710011f0c04011f4b1509
336,401,https://pm-grudziadz.pl/sprawy/14/wymeldowanie-z-miejsca-pobytu-stalego-lub-miejsca-pobytu-czasowego-przed-deklarowanym-okresem-pobytu-w-drodze-postepowania-administracyjnego/
337,401,https://pm-grudziadz.pl/tagi-wyszukiwanie/?tags=WYMELDOWANIE
338,401,https://pm-grudziadz.pl/sprawy/20/zgloszenie-wymeldowania-z-miejsca-pobytu-stalego-lub-z-miejsca-pobytu-czasowego-zgloszenie-wyjazdu-poza-granice-rzeczypospolitej-polskiej/
339,401,https://pm-grudziadz.pl/tagi-wyszukiwanie/?tags=WYMELDOWANIE_Z_MIEJSCA_ZAMIESZKANIA
340,401,https://pm-grudziadz.pl/tagi-wyszukiwanie/?tags=POBYT_CZASOWY
341,401,https://pm-grudziadz.pl/sprawy/247/umieszczanie-na-zabytku-wpisanym-do-rejestru-zabytkow-urzadzen-technicznych-tablic-reklamowych-lub-urzadzen-reklamowych-oraz-napisow/
342,401,https://pm-grudziadz.pl/tagi-wyszukiwanie/?tags=OBIEKTY_ZABYTKOWE
343,401,https://pm-grudziadz.pl/tagi-wyszukiwanie/?tags=KONSERWACJA_ZABYTKOW
344,401,https://pm-grudziadz.pl/tagi-wyszukiwanie/?tags=RESTAURACJA_ZABYTKOW
345,401,https://pm-grudziadz.pl/sprawy/44/wniosek-o-wydanie-zezwolenia-na-przeprowadzenie-imprezy-masowej/
346,401,https://pm-grudziadz.pl/tagi-wyszukiwanie/?tags=ORGANIZACJA_IMPREZ_MASOWYCH
347,401,https://pm-grudziadz.pl/tagi-wyszukiwanie/?tags=BEZPIECZENSTWO_IMPREZ_MASOWYCH
348,401,https://pm-grudziadz.pl/sprawy/85/wpis-do-ewidencji-innych-obiektow-swiadczacych-uslugi-hotelarskie-niebedacych-obiektami-hotelarskimi-oraz-pol-biwakowych/
349,401,https://pm-grudziadz.pl/tagi-wyszukiwanie/?tags=OBIEKTY_REKREACYJNE
350,401,https://pm-grudziadz.pl/sprawy/137/uzyskanie-odpisu-aktu-stanu-cywilnego/
351,200,https://pm-grudziadz.pl/cdn-cgi/l/email-protection#d7beb9b1b897a7bafab0a5a2b3adbeb6b3adf9a7bb
352,401,https://pm-grudziadz.pl/katalog-uslug/wydzial/
353,200,https://pm-grudziadz.pl/cdn-cgi/l/email-protection#85ecebe3eac5f5e8a8e2f7f0e1ffece4e1ffabf5e9
354,401,https://pm-grudziadz.pl/sprawy/133/umieszczanie-na-zabytku-wpisanym-do-rejestru-zabytkow-urzadzen-technicznych-tablic-reklamowych-lub-urzadzen-reklamowych-oraz-napisow/
355,200,https://pm-grudziadz.pl/cdn-cgi/l/email-protection#3f565159507f4f5212584d4a5b45565e5b45114f53
356,401,https://pm-grudziadz.pl/sprawy/134/rejestr-danych-kontaktowych-rdk/
357,401,https://pm-grudziadz.pl/sprawy/131/decyzja-o-srodowiskowych-uwarunkowaniach-realizacji-przedsiewziecia/
358,401,https://pm-grudziadz.pl/sprawy/136/udostepnienie-danych-jednostkowych-osobowo-adresowych-z-rejestru-mieszkancow-grudziadza-oraz-rejestru-pesel/
359,401,https://pm-grudziadz.pl/tagi-wyszukiwanie/?tags=DZIALALNOSC_GOSPODARCZA
360,401,https://pm-grudziadz.pl/sprawy/132/poswiadczenie-oswiadczenia-o-prowadzeniu-gospodarstwa-rolnego/
361,200,https://pm-grudziadz.pl/cdn-cgi/l/email-protection#c8a1a6aea788b8a5e5afbabdacb2a1a9acb2e6b8a4
363,401,https://pm-grudziadz.pl/sprawy/136/zaswiadczenie-o-pracy-w-gospodarstwie-rolnym/
364,401,https://pm-grudziadz.pl/tagi-wyszukiwanie/?tags=CEL_WYSTAWIENIA_ZASWIADCZEN
365,200,https://pm-grudziadz.pl/cdn-cgi/l/email-protection#50393e363f10203d7d372225342a3931342a7e203c
366,401,https://pm-grudziadz.pl/sprawy/73/uzgodnienia-usytuowania-projektowanej-sieci-uzbrojenia-terenu/
367,200,https://pm-grudziadz.pl/cdn-cgi/l/email-protection#dfb6b1b9b09fafb2f2b8adaabba5b6bebba5f1afb3
368,401,https://pm-grudziadz.pl/sprawy/45/zgromadzenia/
369,401,https://pm-grudziadz.pl/tagi-wyszukiwanie/?tags=ZGROMADZENIA_PUBLICZNE
370,401,https://pm-grudziadz.pl/tagi-wyszukiwanie/?tags=BEZPIECZENSTWO_IMPREZ
371,200,https://pm-grudziadz.pl/cdn-cgi/l/email-protection#a6cfc8c0c9e6d6cb8bc1d4d3c2dccfc7c2dc88d6ca
372,401,https://pm-grudziadz.pl/sprawy/132/oplata-targowa/
373,200,https://pm-grudziadz.pl/cdn-cgi/l/email-protection#651216172510084b071c01020a161f061f4b1509
374,200,https://pm-grudziadz.pl/cdn-cgi/l/email-protection#8de4e3ebe2cdfde0a0eafff8e9f7e4ece9f7a3fde1
375,401,https://pm-grudziadz.pl/sprawy/8/zameldowaniewymeldowanie-cudzoziemca-na-pobyt-staly-lub-pobyt-czasowy/
376,401,https://pm-grudziadz.pl/tagi-wyszukiwanie/?tags=PROCEDURY_ZAMELDOWANIA
377,401,https://pm-grudziadz.pl/tagi-wyszukiwanie/?tags=AKTUALIZACJA_DANYCH_MELDUNKOWYCH
378,401,https://pm-grudziadz.pl/tagi-wyszukiwanie/?tags=REJESTRACJA_CUDZOZIEMCOW
379,401,https://pm-grudziadz.pl/sprawy/26/rejestracja-zgonow/
380,200,https://pm-grudziadz.pl/cdn-cgi/l/email-protection#caa3a4aca58abaa7e7adb8bfaeb0a3abaeb0e4baa6
381,401,https://pm-grudziadz.pl/tagi-wyszukiwanie/?tags=ZGONY
382,401,https://pm-grudziadz.pl/sprawy/135/rejestr-wyborcow-udostepnienie-rejestru-wyborcow/
383,200,https://pm-grudziadz.pl/cdn-cgi/l/email-protection#f59c9b939ab58598d8928780918f9c94918fdb8599
384,401,https://pm-grudziadz.pl/sprawy/133/nadanie-numeru-pesel-na-wniosek/
385,200,https://pm-grudziadz.pl/cdn-cgi/l/email-protection#c6afa8a0a986b6abeba1b4b3a2bcafa7a2bce8b6aa
386,401,https://pm-grudziadz.pl/sprawy/132/rejestracja-jachtow-i-innych-jednostek-plywajacych-o-dlugosci-do-24-m/
387,200,https://pm-grudziadz.pl/cdn-cgi/l/email-protection#7c15121a133c0c11511b0e091806151d1806520c10
388,401,https://pm-grudziadz.pl/sprawy/74/wydanie-decyzji-o-podziale-nieruchomosci/
389,200,https://pm-grudziadz.pl/cdn-cgi/l/email-protection#c5acaba3aa85b5a8e8a2b7b0a1bfaca4a1bfebb5a9
390,401,https://pm-grudziadz.pl/katalog-uslug/alfabet/
391,200,https://pm-grudziadz.pl/cdn-cgi/l/email-protection#b0d9ded6dff0c0dd9dd7c2c5d4cad9d1d4ca9ec0dc
392,200,https://pm-grudziadz.pl/cdn-cgi/l/email-protection#e38a8d858ca3938ece84919687998a828799cd938f
393,401,https://pm-grudziadz.pl/sprawy/300/podatek-od-nieruchomosci-dla-osob-fizycznych/
394,200,https://pm-grudziadz.pl/cdn-cgi/l/email-protection#4235313002372f6c203b26252d313821386c322e
395,200,https://pm-grudziadz.pl/cdn-cgi/l/email-protection#40292e262f00302d6d273235243a2921243a6e302c
396,200,https://pm-grudziadz.pl/cdn-cgi/l/email-protection#e48d8a828ba49489c9839691809e8d85809eca9488
397,401,https://pm-grudziadz.pl/#pu-service-catalog
398,200,https://pm-grudziadz.pl/cdn-cgi/l/email-protection
399,401,https://pm-grudziadz.pl/sprawy/306/podatek-od-srodkow-transportowych/
400,200,https://pm-grudziadz.pl/cdn-cgi/l/email-protection#d3a4a0a193a6befdb1aab7b4bca0a9b0a9fda3bf
401,401,https://pm-grudziadz.pl/mapa-strony/#
402,200,https://pm-grudziadz.pl/cdn-cgi/l/email-protection#7910171f16390914541e0b0c1d0310181d03570915
403,200,https://pm-grudziadz.pl/cdn-cgi/l/email-protection#83eaede5ecc3f3eeaee4f1f6e7f9eae2e7f9adf3ef
